<?xml version="1.0" encoding="UTF-8"?>
<project-private xmlns="http://www.netbeans.org/ns/project-private/1">
    <editor-bookmarks xmlns="http://www.netbeans.org/ns/editor-bookmarks/2" lastBookmarkId="0"/>
    <open-files xmlns="http://www.netbeans.org/ns/projectui-open-files/2">
        <group>
            <file>file:/Users/marcelosiedler/Documents/GITHUB/JavaUpload/src/java/util/Upload.java</file>
            <file>file:/Users/marcelosiedler/Documents/GITHUB/JavaUpload/web/form_enviar.jsp</file>
            <file>file:/Users/marcelosiedler/Documents/GITHUB/JavaUpload/web/form_enviado.jsp</file>
        </group>
    </open-files>
</project-private>
